{"stats":{"minecraft:used":{"minecraft:petrified_oak_slab":101,"minecraft:lever":4,"minecraft:redstone_lamp":4,"minecraft:rail":4,"minecraft:command_block":2,"minecraft:grass_block":2,"minecraft:powered_rail":10,"minecraft:minecart":3,"minecraft:jungle_log":14,"minecraft:spruce_planks":37,"minecraft:deepslate":71,"minecraft:dark_oak_door":1},"minecraft:picked_up":{"minecraft:grass_block":1,"minecraft:minecart":1},"minecraft:dropped":{"minecraft:grass_block":1},"minecraft:custom":{"minecraft:time_since_rest":93934,"minecraft:crouch_one_cm":9,"minecraft:sprint_one_cm":13571,"minecraft:play_time":93934,"minecraft:walk_one_cm":65021,"minecraft:sneak_time":55,"minecraft:drop":1,"minecraft:jump":30,"minecraft:minecart_one_cm":3192,"minecraft:leave_game":3,"minecraft:time_since_death":93934,"minecraft:total_world_time":93934,"minecraft:fly_one_cm":9640}},"DataVersion":2730}